id,full_name,date_ordered,drink_name,price
1,Ronit Feldman,2020-10-15 21:06,Eclipse,66
2,Garrot Ancell,2020-10-15 20:54,Truffle Sazerac,64
3,Dara Urridge,2020-10-15 22:38,Eclipse,66
4,Ritchie McCormack,2020-10-15 21:10,Eclipse,66
5,Gavra Thurby,2020-10-15 21:00,Irish Coffee,54
6,Kimberli Tranfield,2020-10-15 23:08,Irish Coffee,54
7,Hart Genny,2020-10-15 23:12,Eclipse,66
8,Sharl O'Feeny,2020-10-15 20:48,Eclipse,66
9,Yalonda Hartford,2020-10-15 21:02,Bloody Mary,57
10,Courtney Gocke,2020-10-15 20:26,Eclipse,66
11,Poul Sparham,2020-10-15 19:59,Eclipse,66
12,Yam Mesicka,2020-10-15 20:20,Eclipse,66
13,Virgie Blaschke,2020-10-15 22:14,Irish Coffee,54
14,Ronit Feldman,2020-10-15 20:53,Daiquiri,54
15,Abner Smedley,2020-10-15 18:20,Eclipse,66
16,Dorri Leonarde,2020-10-16 21:21,Eclipse,66
17,Maryanna Brisset,2020-10-15 18:48,Chartreuse Cobbler,61
18,Teodor Gilluley,2020-10-15 21:00,Eclipse,66
19,Ezekiel Mugridge,2020-10-15 21:40,Eclipse,66
20,Konrad Ishaki,2020-10-15 20:39,Truffle Sazerac,64
21,Khalil Umfrey,2020-10-15 20:58,Bloody Mary,57
22,Rainer Stocker,2020-10-15 20:24,Eclipse,66
23,Lucius Chasemore,2020-10-15 20:32,Eclipse,66
24,Jock Dudeney,2020-10-15 21:09,Eclipse,66
25,Romy MacTerrelly,2020-10-15 21:47,Irish Coffee,54
26,Ebeneser Burgiss,2020-10-15 19:10,Eclipse,66
27,Atlanta Bahls,2020-10-14 23:54,Eclipse,66
28,Sheelah Fearne,2020-10-16 22:43,Eclipse,66
29,Pandora Morrison,2020-10-15 21:24,Eclipse,66
30,Ronit Feldman,2020-10-15 21:47,Daiquiri,54
31,Ronit Feldman,2020-10-16 18:34,Daiquiri,54
32,Jackie Farreil,2020-10-15 20:53,Eclipse,66
33,Buiron Fann,2020-10-16 19:04,Eclipse,66
34,Adolf Lung,2020-10-15 22:08,Eclipse,66
35,Arnold Catonnet,2020-10-15 22:55,Eclipse,66
36,Ronit Feldman,2020-10-15 22:28,Irish Coffee,54
37,Rasia Greene,2020-10-15 21:05,Eclipse,66
38,Alexi Cavil,2020-10-15 18:37,Eclipse,66
39,Ronit Feldman,2020-10-15 21:00,Daiquiri,54
40,Zebulon Overington,2020-10-15 19:30,Eclipse,66
41,Raffaello Bittleson,2020-10-15 18:00,Eclipse,66
42,Dani Hollidge,2020-10-15 21:20,Eclipse,66
43,Jocko Cunney,2020-10-15 20:10,Eclipse,66
44,Ronit Feldman,2020-10-15 20:54,Eclipse,66
45,Lane Tatford,2020-10-15 21:32,Chartreuse Cobbler,61
46,Davina MacGorrie,2020-10-15 22:53,Black Magic Julep,69
47,Jocelyn Aglione,2020-10-15 22:11,Eclipse,66
48,Kassie Garnall,2020-10-15 20:09,Eclipse,66
49,Lorraine Schaffel,2020-10-15 23:00,Eclipse,66
50,Vick Pond,2020-10-15 22:28,Eclipse,66
51,Major Bautiste,2020-10-15 20:10,Eclipse,66
52,Francesco Cansdale,2020-10-15 20:42,Eclipse,66
53,Yam Mesicka,2020-10-15 23:18,Eclipse,66
54,Addy Jewson,2020-10-15 20:50,Eclipse,66
55,Yam Mesicka,2020-10-15 19:11,Eclipse,66
56,Ronit Feldman,2020-10-15 18:41,Daiquiri,54
57,Revkah Judge,2020-10-15 21:12,Bloody Mary,57
58,Gena Skeffington,2020-10-15 20:19,Eclipse,66
59,Donelle Lucien,2020-10-15 19:28,Eclipse,66
60,Whitman Vondracek,2020-10-15 22:54,Bloody Mary,57
61,Der Pepi,2020-10-16 18:53,Eclipse,66
62,Mitch Mulroy,2020-10-15 18:06,Chartreuse Cobbler,61
63,Karleen Boullen,2020-10-15 22:03,Black Magic Julep,69
64,Tobit Ridout,2020-10-15 20:42,Bloody Mary,57
65,Gonzales Northin,2020-10-15 18:22,Eclipse,66
66,Hildagarde Zanni,2020-10-15 22:18,Bloody Mary,57
67,Meredeth Suarez,2020-10-15 21:25,Bloody Mary,57
68,Gwenni Slaney,2020-10-15 20:07,Chartreuse Cobbler,61
69,Lissy Trenouth,2020-10-14 22:36,Eclipse,66
70,Martguerita Melanaphy,2020-10-15 19:01,Black Magic Julep,69
71,Garey Rosellini,2020-10-15 21:08,Eclipse,66
72,Cathe Freak,2020-10-15 21:12,Eclipse,66
73,Ramonda Etherson,2020-10-15 21:32,Black Magic Julep,69
74,Lanie Meharg,2020-10-15 21:46,Eclipse,66
75,Ronit Feldman,2020-10-15 20:07,Daiquiri,54
76,Lesley Bollum,2020-10-15 20:33,Eclipse,66
77,Brian Berre,2020-10-15 21:20,Irish Coffee,54
78,Mada Kayser,2020-10-15 22:37,Eclipse,66
79,Fayette Aslott,2020-10-15 20:41,Bloody Mary,57
80,Alasdair St. Clair,2020-10-15 19:07,Eclipse,66
81,Audry Gail,2020-10-15 21:13,Eclipse,66
82,Madison Ponting,2020-10-15 20:54,Eclipse,66
83,Deedee Morrallee,2020-10-15 19:19,Truffle Sazerac,64
84,Zenia Sackes,2020-10-15 20:39,Eclipse,66
85,Gussie Whitebread,2020-10-15 18:31,Bloody Mary,57
86,Domenico Boutflour,2020-10-15 20:32,Daiquiri,54
87,Clea Camidge,2020-10-15 21:20,Eclipse,66
88,Kenyon Martini,2020-10-15 21:24,Eclipse,66
89,Yam Mesicka,2020-10-15 21:14,Eclipse,66
90,Ivie Pedrol,2020-10-15 20:34,Daiquiri,54
91,Ronit Feldman,2020-10-15 21:13,Irish Coffee,54
92,Mic Gogie,2020-10-15 20:33,Truffle Sazerac,64
93,Dasi Piddle,2020-10-16 18:50,Bloody Mary,57
94,Glenden Duffer,2020-10-15 22:01,Eclipse,66
95,Sherri Silverson,2020-10-15 23:24,Black Magic Julep,69
96,Odele Motte,2020-10-14 19:39,Eclipse,66
97,Yam Mesicka,2020-10-15 21:38,Eclipse,66
98,Ema Daverin,2020-10-15 21:22,Eclipse,66
99,Robyn Waring,2020-10-15 21:15,Eclipse,66
100,Charin Thowes,2020-10-15 20:00,Bloody Mary,57
101,Rickard Murkus,2020-10-15 20:52,Eclipse,66
102,Dom Stranaghan,2020-10-15 21:10,Eclipse,66
103,Yam Mesicka,2020-10-15 18:09,Eclipse,66
104,Panchito Doorbar,2020-10-15 20:00,Truffle Sazerac,64
105,Abbey Kochs,2020-10-15 21:07,Eclipse,66
106,Robbie Sylvaine,2020-10-15 22:58,Bloody Mary,57
107,Catlee Barrand,2020-10-15 21:55,Eclipse,66
108,Marie Brothwell,2020-10-15 21:29,Chartreuse Cobbler,61
109,Matt McClements,2020-10-15 23:40,Black Magic Julep,69
110,Lavena Lackeye,2020-10-15 20:32,Chartreuse Cobbler,61
111,Ram Lingwood,2020-10-15 23:44,Eclipse,66
112,Colby Sinson,2020-10-15 23:13,Black Magic Julep,69
113,Berte Simonnet,2020-10-15 20:28,Eclipse,66
114,Logan Espadas,2020-10-15 19:07,Eclipse,66
115,Scarlet Mosey,2020-10-14 23:13,Eclipse,66
116,Krissy Oglethorpe,2020-10-15 18:07,Black Magic Julep,69
117,Rikki Beglin,2020-10-15 21:58,Eclipse,66
118,Sarena Marsden,2020-10-15 20:13,Eclipse,66
119,Ingaborg Maddern,2020-10-15 22:32,Eclipse,66
120,Cointon Jancso,2020-10-15 20:39,Eclipse,66
121,Iolanthe Siddeley,2020-10-15 20:47,Chartreuse Cobbler,61
122,Dorise Dabinett,2020-10-15 21:17,Eclipse,66
123,Desiri Pea,2020-10-15 18:23,Bloody Mary,57
124,Ronit Feldman,2020-10-15 22:59,Daiquiri,54
125,Lorne Earpe,2020-10-15 21:04,Eclipse,66
126,Nefen Restill,2020-10-13 23:54,Eclipse,66
127,Erma Lidgate,2020-10-15 21:42,Irish Coffee,54
128,Ashla Gaytor,2020-10-15 21:36,Bloody Mary,57
129,Linzy Campos,2020-10-13 19:51,Irish Coffee,54
130,Yam Mesicka,2020-10-15 19:32,Black Magic Julep,69
131,Melita Alster,2020-10-15 19:14,Eclipse,66
132,Yam Mesicka,2020-10-15 20:51,Eclipse,66
133,Lenette Mourton,2020-10-14 22:10,Black Magic Julep,69
134,Dolly Glassopp,2020-10-15 20:20,Chartreuse Cobbler,61
135,Shelagh Le Gassick,2020-10-15 19:47,Irish Coffee,54
136,Margarita Faircliffe,2020-10-14 22:43,Eclipse,66
137,Simona Peckham,2020-10-15 23:02,Irish Coffee,54
138,Barnabas Le Teve,2020-10-14 22:41,Eclipse,66
139,Dierdre Baack,2020-10-14 22:10,Chartreuse Cobbler,61
140,Gallard Kightly,2020-10-15 20:16,Eclipse,66
141,Ulrich Paine,2020-10-15 19:42,Eclipse,66
142,Desi Spanswick,2020-10-14 23:57,Black Magic Julep,69
143,Horatia Patinkin,2020-10-15 23:43,Irish Coffee,54
144,Jeremiah Wolfarth,2020-10-15 19:40,Eclipse,66
145,Kelcie Hollidge,2020-10-15 21:38,Chartreuse Cobbler,61
146,Otes Maraga,2020-10-15 21:45,Chartreuse Cobbler,61
147,Felice Slimme,2020-10-15 21:19,Irish Coffee,54
148,Langston Prescot,2020-10-15 23:46,Eclipse,66
149,Rutledge Abbett,2020-10-15 21:17,Eclipse,66
150,Alica Inderwick,2020-10-15 19:57,Eclipse,66
151,Sigfried Gleeton,2020-10-15 19:30,Eclipse,66
152,Heinrick Gillard,2020-10-15 21:18,Eclipse,66
153,Donni Pym,2020-10-15 22:47,Eclipse,66
154,Gerrilee Cottingham,2020-10-15 18:27,Eclipse,66
155,Eamon Lucia,2020-10-15 20:36,Eclipse,66
156,Crissy Duley,2020-10-15 18:05,Eclipse,66
157,Lexy Faltin,2020-10-15 22:01,Eclipse,66
158,Emmi Dando,2020-10-15 18:49,Eclipse,66
159,Fax Board,2020-10-15 20:38,Truffle Sazerac,64
160,Claudina Fickling,2020-10-15 21:20,Chartreuse Cobbler,61
161,Ilaire Rugieri,2020-10-13 23:05,Bloody Mary,57
162,Sianna Wanne,2020-10-15 21:15,Eclipse,66
163,Dorry Longhorn,2020-10-15 23:17,Bloody Mary,57
164,Yam Mesicka,2020-10-15 22:22,Eclipse,66
165,Ronit Feldman,2020-10-16 18:02,Eclipse,66
166,Meg Hourahan,2020-10-15 21:00,Irish Coffee,54
167,Denys Cranefield,2020-10-14 22:43,Eclipse,66
168,Ronit Feldman,2020-10-15 23:17,Daiquiri,54
169,Kin Darwood,2020-10-15 22:48,Chartreuse Cobbler,61
170,Barbabas Paskins,2020-10-15 21:02,Eclipse,66
171,Yam Mesicka,2020-10-16 23:46,Black Magic Julep,69
172,Goddart McGonnell,ERROR RECORDING DATE,Bloody Mary,57
173,Avie Stentiford,2020-10-15 19:29,Eclipse,66
174,Elberta Hickenbottom,2020-10-15 20:11,Chartreuse Cobbler,61
175,Evanne Waddingham,2020-10-15 19:01,Chartreuse Cobbler,61
176,Corney Duplain,2020-10-15 19:47,Bloody Mary,57
177,Rosa Gravener,2020-10-15 21:22,Eclipse,66
178,Rafaellle Smithe,2020-10-15 19:34,Eclipse,66
179,Jehu Divers,2020-10-15 21:30,Black Magic Julep,69
180,Hanson Mortlock,2020-10-15 18:51,Truffle Sazerac,64
181,Ronit Feldman,2020-10-15 19:18,Eclipse,66
182,Yam Mesicka,2020-10-15 19:33,Eclipse,66
183,Theda Scadding,2020-10-15 19:35,Eclipse,66
184,Kathryne Guilaem,2020-10-15 23:52,Irish Coffee,54
185,Midge Sich,2020-10-15 20:54,Truffle Sazerac,64
186,Bernita Amys,2020-10-15 21:07,Eclipse,66
187,Ronit Feldman,2020-10-15 20:44,Bloody Mary,57
188,Yam Mesicka,2020-10-15 22:54,Eclipse,66
189,Edi Bedrosian,2020-10-15 20:09,Eclipse,66
190,Bruno Silbersak,2020-10-15 21:28,Eclipse,66
191,Dorette Fasham,2020-10-15 19:02,Chartreuse Cobbler,61
192,Puff Dreng,2020-10-16 18:15,Eclipse,66
193,Elmo Humber,2020-10-15 18:38,Eclipse,66
194,Yam Mesicka,2020-10-15 19:33,Eclipse,66
195,Gladi Bover,2020-10-15 23:12,Eclipse,66
196,Chalmers Dempsey,2020-10-15 22:30,Daiquiri,54
197,Fidel Sawer,2020-10-15 21:31,Eclipse,66
198,Kala Suggate,2020-10-15 20:21,Eclipse,66
199,Cedric Castro,2020-10-15 22:35,Eclipse,66
200,Ronit Feldman,2020-10-15 20:01,Eclipse,66
201,Piper Urry,2020-10-16 19:09,Eclipse,66
202,Ches Caseborne,2020-10-15 18:02,Eclipse,66
203,Susie Presidey,2020-10-15 20:33,Chartreuse Cobbler,61
204,Joanna Dorran,2020-10-16 19:11,Eclipse,66
205,Dolli Mithon,2020-10-16 19:37,Daiquiri,54
206,Callie Iddens,2020-10-15 20:15,Daiquiri,54
207,Garry Schoolfield,2020-10-14 21:05,Truffle Sazerac,64
208,Calida Dower,2020-10-15 18:17,Eclipse,66
209,Linda Presley,2020-10-15 20:29,Eclipse,66
210,Maximilien Moggan,2020-10-15 20:15,Irish Coffee,54
211,Kelcy Hardiker,2020-10-15 22:23,Chartreuse Cobbler,61
212,Devlin Yandle,2020-10-14 22:33,Black Magic Julep,69
213,Yule Ledson,2020-10-15 18:31,Daiquiri,54
214,Avrit Umpleby,2020-10-15 21:41,Eclipse,66
215,Yam Mesicka,2020-10-14 22:40,Black Magic Julep,69
216,Orren Lodwig,2020-10-15 19:53,Irish Coffee,54
217,Reidar Farreil,2020-10-15 20:20,Chartreuse Cobbler,61
218,Xymenes Hacquard,2020-10-15 19:08,Eclipse,66
219,Colin Swansbury,2020-10-15 20:02,Chartreuse Cobbler,61
220,Derrik Powter,2020-10-15 22:46,Bloody Mary,57
221,Hale Edger,2020-10-15 19:35,Black Magic Julep,69
222,Horatius Furlonge,2020-10-15 19:20,Bloody Mary,57
223,Darnall De Moreno,2020-10-15 21:20,Eclipse,66
224,Keane Brosel,2020-10-14 23:03,Eclipse,66
225,Jorry Gay,2020-10-15 20:51,Eclipse,66
226,Thoma Rawles,2020-10-14 22:51,Eclipse,66
227,Leonie Yearron,2020-10-15 21:52,Eclipse,66
228,Corena Ingold,2020-10-15 19:31,Eclipse,66
229,Lavina Springle,2020-10-16 21:07,Eclipse,66
230,Erna Phillippo,2020-10-15 21:08,Eclipse,66
231,Glenn de Marco,2020-10-15 20:12,Irish Coffee,54
232,Miof mela Pye,2020-10-15 22:29,Eclipse,66
233,Dasie Tybalt,2020-10-15 22:39,Eclipse,66
234,Gardener Spatarul,2020-10-16 18:35,Bloody Mary,57
235,Pamella Shedden,2020-10-14 20:28,Black Magic Julep,69
236,Arv Dilleway,2020-10-15 20:26,Daiquiri,54
237,Ronit Feldman,2020-10-15 22:23,Eclipse,66
238,Kleon Fagan,2020-10-15 19:33,Eclipse,66
239,Chaddy Daout,2020-10-15 21:25,Irish Coffee,54
240,Marillin Sinnocke,2020-10-15 21:55,Eclipse,66
241,Gran Frise,2020-10-15 23:05,Black Magic Julep,69
242,Ronit Feldman,2020-10-15 20:21,Eclipse,66
243,Nedda Manuele,2020-10-15 20:04,Eclipse,66
244,Yam Mesicka,2020-10-14 23:45,Eclipse,66
245,Noel Beaze,2020-10-15 21:39,Eclipse,66
246,Yam Mesicka,2020-10-14 22:15,Eclipse,66
247,Eloise Baser,2020-10-15 19:29,Eclipse,66
248,Gilly Le Marchand,2020-10-15 21:04,Eclipse,66
249,Rem Andryushin,2020-10-15 23:13,Chartreuse Cobbler,61
250,Merralee Brearty,2020-10-15 19:48,Eclipse,66
251,Julienne Haggleton,2020-10-15 23:05,Eclipse,66
252,Kalinda Raithby,2020-10-15 20:35,Eclipse,66
253,Ronit Feldman,2020-10-14 23:16,Truffle Sazerac,64
254,Yasmin Perrett,2020-10-15 21:43,Eclipse,66
255,Dorree Dell Casa,2020-10-15 19:25,Eclipse,66
256,Orsola Di Filippo,2020-10-16 18:59,Eclipse,66
257,Celinka Bevir,2020-10-15 23:43,Irish Coffee,54
258,Elfrieda Forbear,2020-10-15 20:34,Black Magic Julep,69
259,Mahala Mapham,2020-10-15 19:51,Chartreuse Cobbler,61
260,Sybil Wollrauch,2020-10-15 21:02,Irish Coffee,54
261,Jacquelyn Fortin,2020-10-15 20:56,Eclipse,66
262,Davon Haggard,2020-10-14 21:17,Chartreuse Cobbler,61
263,Ronit Feldman,2020-10-15 19:20,Eclipse,66
264,Edlin Lemanu,2020-10-15 22:38,Irish Coffee,54
265,Bear Logsdale,2020-10-15 21:09,Truffle Sazerac,64
266,Farrand Kiendl,2020-10-15 18:08,Eclipse,66
267,Odo McFarlane,2020-10-15 20:47,Eclipse,66
268,Uriel Matuszak,2020-10-15 20:56,Eclipse,66
269,Pia Olfert,2020-10-15 20:32,Chartreuse Cobbler,61
270,Dun Fazakerley,2020-10-15 21:45,Eclipse,66
271,Wanids Jenkyn,2020-10-15 20:50,Eclipse,66
272,Marcellina Kirsop,2020-10-14 22:27,Black Magic Julep,69
273,Ariadne Guilford,2020-10-15 22:35,Eclipse,66
274,Den Thurnham,2020-10-15 20:46,Bloody Mary,57
275,Trev Soffe,2020-10-15 20:20,Eclipse,66
276,Sharity Latus,2020-10-15 22:27,Eclipse,66
277,Caro Connikie,2020-10-15 21:47,Bloody Mary,57
278,Florida Razoux,2020-10-15 20:26,Eclipse,66
279,Betteann Jantel,2020-10-15 20:58,Eclipse,66
280,Bondy Burgett,2020-10-15 18:18,Daiquiri,54
281,Findlay Domico,2020-10-15 18:28,Irish Coffee,54
282,Andy Drake,2020-10-15 20:46,Eclipse,66
283,Vivie Treske,2020-10-15 22:56,Eclipse,66
284,Robinett Louder,2020-10-15 22:12,Chartreuse Cobbler,61
285,Ginny Di Maria,2020-10-14 23:17,Bloody Mary,57
286,Robbyn Mockler,2020-10-15 20:36,Eclipse,66
287,Yam Mesicka,2020-10-15 22:22,Eclipse,66
288,Karoly Dellenbach,2020-10-15 22:49,Eclipse,66
289,Caldwell McCrann,2020-10-15 20:08,Eclipse,66
290,Zelma Steagall,2020-10-15 20:47,Irish Coffee,54
291,Micheline Gilman,2020-10-15 20:59,Black Magic Julep,69
292,Linell Feechan,2020-10-17 19:14,Irish Coffee,54
293,Virgil Gillbe,2020-10-15 21:40,Truffle Sazerac,64
294,Prentiss Milliken,2020-10-15 19:55,Eclipse,66
295,Ianthe Prue,2020-10-15 21:29,Chartreuse Cobbler,61
296,Clayborn Jasiak,2020-10-15 19:17,Eclipse,66
297,Matthiew Dunham,2020-10-15 20:01,Eclipse,66
298,Ethelin Dimmick,2020-10-15 20:47,Daiquiri,54
299,Alverta O'Keevan,2020-10-15 22:39,Bloody Mary,57
300,Taber Swatheridge,2020-10-15 20:31,Daiquiri,54
301,Thain McWhinnie,2020-10-15 20:20,Irish Coffee,54
302,Kathi Bevan,2020-10-16 18:18,Bloody Mary,57
303,Bailie Selvey,2020-10-15 22:47,Eclipse,66
304,Nettle Jaqueme,2020-10-15 21:17,Irish Coffee,54
305,Yam Mesicka,2020-10-15 21:15,Black Magic Julep,69
306,Gerrie Elsmere,2020-10-15 18:02,Eclipse,66
307,Skell Sive,2020-10-15 21:36,Truffle Sazerac,64
308,Hersh Exposito,2020-10-15 18:18,Daiquiri,54
309,Joel Dami,2020-10-15 19:48,Daiquiri,54
310,Vanya Biasioni,2020-10-14 22:02,Bloody Mary,57
311,Aggy Druce,2020-10-15 23:55,Chartreuse Cobbler,61
312,Ugo McBeth,2020-10-15 20:15,Eclipse,66
313,Raynell Cutting,2020-10-15 20:22,Black Magic Julep,69
314,Truda Meachen,2020-10-14 22:21,Eclipse,66
315,Anders Schutte,2020-10-14 23:17,Eclipse,66
316,Yam Mesicka,2020-10-15 18:52,Eclipse,66
317,Trixie Quennell,2020-10-15 21:45,Eclipse,66
318,Ronit Feldman,2020-10-16 20:19,Eclipse,66
319,Myrle Blitz,2020-10-15 18:54,Truffle Sazerac,64
320,Taite Lorenzetti,2020-10-15 21:18,Daiquiri,54
321,Yam Mesicka,2020-10-15 23:48,Eclipse,66
322,Yam Mesicka,2020-10-15 21:49,Eclipse,66
323,Archibald Buggy,2020-10-15 23:03,Irish Coffee,54
324,Priscella Gargett,2020-10-15 20:43,Eclipse,66
325,Corrie Moogan,2020-10-14 23:24,Truffle Sazerac,64
326,Urbain Freegard,2020-10-15 21:39,Daiquiri,54
327,Megen Scragg,2020-10-16 18:35,Eclipse,66
328,Nichol Benfell,2020-10-15 21:53,Eclipse,66
329,Caye D'Enrico,2020-10-15 19:10,Truffle Sazerac,64
330,Kiah Mogey,2020-10-15 20:31,Black Magic Julep,69
331,Yam Mesicka,2020-10-15 19:46,Eclipse,66
332,Gilberta Gainfort,2020-10-15 21:42,Eclipse,66
333,Nyssa Rolfo,2020-10-15 21:06,Chartreuse Cobbler,61
334,Dorothy Braisted,2020-10-14 23:30,Daiquiri,54
335,Jaimie Epine,2020-10-16 20:59,Daiquiri,54
336,Petra Fontaine,2020-10-15 20:26,Eclipse,66
337,Sibella Kenright,2020-10-15 18:06,Daiquiri,54
338,Anatollo Drake,2020-10-15 20:24,Eclipse,66
339,Aurel Stoppard,2020-10-15 20:41,Black Magic Julep,69
340,Sondra Eilhertsen,2020-10-15 18:33,Irish Coffee,54
341,Ronit Feldman,2020-10-15 23:05,Irish Coffee,54
342,Wittie Snap,2020-10-15 21:39,Eclipse,66
343,Jephthah Gaize,2020-10-13 20:08,Eclipse,66
344,Rianon Orme,2020-10-15 20:12,Truffle Sazerac,64
345,Lanie Severy,2020-10-15 18:17,Eclipse,66
346,Moshe Hamblyn,2020-10-15 18:18,Black Magic Julep,69
347,Carline Newbery,2020-10-15 20:23,Eclipse,66
348,Archibaldo Ferenc,2020-10-15 22:07,Chartreuse Cobbler,61
349,Clovis Chidgey,2020-10-16 21:07,Eclipse,66
350,Dillie Howie,2020-10-15 21:03,Eclipse,66
351,Nat Winear,2020-10-15 21:13,Eclipse,66
352,Yam Mesicka,2020-10-15 19:38,Eclipse,66
353,Chrissy Paulat,2020-10-15 22:19,Eclipse,66
354,Bettina Shermar,2020-10-15 21:24,Bloody Mary,57
355,Yam Mesicka,2020-10-15 21:50,Chartreuse Cobbler,61
356,Henryetta Antoniazzi,2020-10-14 23:58,Chartreuse Cobbler,61
357,Yam Mesicka,2020-10-14 23:12,Bloody Mary,57
358,Obidiah Tippell,2020-10-15 20:09,Eclipse,66
359,Walsh McMoyer,2020-10-15 21:57,Eclipse,66
360,Tera Halmkin,2020-10-15 20:44,Eclipse,66
361,Donielle Stentiford,2020-10-17 21:59,Black Magic Julep,69
362,Gwenora Nana,2020-10-15 20:09,Eclipse,66
363,Dennie Grishukhin,2020-10-15 20:40,Truffle Sazerac,64
364,Troy Brand,2020-10-16 18:35,Eclipse,66
365,Vivyan Checcucci,2020-10-15 20:32,Eclipse,66
366,Stacee Topper,2020-10-15 21:20,Chartreuse Cobbler,61
367,Aileen Caswell,2020-10-15 18:51,Eclipse,66
368,Jacinta Shedd,2020-10-16 18:46,Eclipse,66
369,Florinda Pietrowicz,2020-10-15 22:07,Eclipse,66
370,Clayson Glazier,2020-10-15 23:01,Truffle Sazerac,64
371,Yam Mesicka,2020-10-15 19:33,Black Magic Julep,69
372,Adria Butler,2020-10-15 19:50,Eclipse,66
373,Elbert McCrohon,2020-10-15 21:06,Irish Coffee,54
374,Dill Woolward,2020-10-15 21:12,Irish Coffee,54
375,Eve Coger,2020-10-15 23:00,Irish Coffee,54
376,Katya Bilsland,2020-10-15 20:17,Chartreuse Cobbler,61
377,Tanner Gollard,2020-10-15 20:38,Eclipse,66
378,Arv Slyford,2020-10-15 23:05,Daiquiri,54
379,Rozalie OIlier,2020-10-16 22:05,Eclipse,66
380,Viviana Oats,2020-10-15 18:46,Daiquiri,54
381,Vinita Kezar,2020-10-15 20:35,Eclipse,66
382,Jermayne Scolli,2020-10-15 21:30,Bloody Mary,57
383,Yam Mesicka,2020-10-15 20:07,Bloody Mary,57
384,Jody Feehily,2020-10-14 23:41,Eclipse,66
385,Davita Oehme,2020-10-15 19:43,Daiquiri,54
386,Christie Dorrington,2020-10-15 23:19,Eclipse,66
387,Basia Sabati,2020-10-15 23:38,Eclipse,66
388,Yam Mesicka,2020-10-15 21:53,Bloody Mary,57
389,Verna Rawe,2020-10-16 19:24,Eclipse,66
390,Orly Buckell,2020-10-16 18:04,Eclipse,66
391,Nikita Southwood,2020-10-16 21:24,Daiquiri,54
392,Edy Congdon,2020-10-15 19:08,Eclipse,66
393,Gilda Hanscomb,2020-10-15 18:31,Truffle Sazerac,64
394,Vito Hatry,2020-10-15 20:55,Black Magic Julep,69
395,Baryram Farfolomeev,2020-10-15 19:25,Chartreuse Cobbler,61
396,Noe Goldster,2020-10-16 18:08,Eclipse,66
397,Eunice LAbbet,2020-10-15 21:54,Eclipse,66
398,Leese Gilliatt,2020-10-15 22:03,Eclipse,66
399,Jocelyne Songest,2020-10-15 21:14,Chartreuse Cobbler,61
400,Jessamine Friar,2020-10-15 20:42,Eclipse,66
401,Ronit Feldman,2020-10-15 19:55,Eclipse,66
402,Ronit Feldman,2020-10-16 18:39,Eclipse,66
403,Laurent Brookhouse,2020-10-15 20:45,Bloody Mary,57
404,Thorny Woodbridge,2020-10-16 18:49,Eclipse,66
405,Travus Robertazzi,2020-10-15 22:59,Eclipse,66
406,Anette Yegorchenkov,2020-10-15 23:20,Eclipse,66
407,Cassie Cosser,2020-10-15 20:56,Eclipse,66
408,Aharon Knoton,2020-10-14 21:59,Chartreuse Cobbler,61
409,Yam Mesicka,2020-10-15 20:36,Eclipse,66
410,Saba Parradine,2020-10-15 19:22,Eclipse,66
411,Yam Mesicka,2020-10-15 20:49,Black Magic Julep,69
412,Ax Kleinbaum,2020-10-15 20:49,Eclipse,66
413,Nicole Haddow,2020-10-15 21:39,Eclipse,66
414,Gunner Middleditch,2020-10-15 23:53,Black Magic Julep,69
415,Welby Goney,2020-10-15 19:10,Eclipse,66
416,Wallis Birnie,2020-10-15 23:48,Daiquiri,54
417,Karee Bowkett,2020-10-14 22:45,Daiquiri,54
418,Carl Jankin,2020-10-15 21:34,Truffle Sazerac,64
419,Dedie Bitterton,2020-10-15 20:45,Eclipse,66
420,Debera Brisbane,2020-10-15 20:12,Bloody Mary,57
421,Doralynn Latus,2020-10-15 19:58,Eclipse,66
422,Sandye Jordeson,2020-10-15 19:00,Eclipse,66
423,Ronit Feldman,2020-10-15 23:01,Eclipse,66
424,Garek Mordin,2020-10-15 20:25,Truffle Sazerac,64
425,Odelinda Sunner,2020-10-15 21:17,Eclipse,66
426,Burgess Mantripp,2020-10-15 21:06,Eclipse,66
427,Letisha Guinery,2020-10-15 20:02,Black Magic Julep,69
428,Frederigo De'Ath,2020-10-14 23:42,Eclipse,66
429,Mychal Pettyfar,2020-10-15 21:16,Daiquiri,54
430,Madlin Airy,2020-10-15 21:09,Bloody Mary,57
431,Ronit Feldman,2020-10-15 20:52,Black Magic Julep,69
432,Fraser Fairholme,2020-10-14 23:23,Eclipse,66
433,Danyelle Eddie,2020-10-15 20:23,Truffle Sazerac,64
434,Peta Poag,2020-10-15 21:17,Eclipse,66
435,Monte Librey,2020-10-16 20:40,Eclipse,66
436,Cobbie Mourant,2020-10-15 22:08,Eclipse,66
437,Paul Stovold,2020-10-15 21:26,Truffle Sazerac,64
438,Kellen Crossby,2020-10-15 20:22,Eclipse,66
439,Clevey Gullyes,2020-10-15 20:04,Eclipse,66
440,Giustino Dingivan,2020-10-15 21:03,Eclipse,66
441,Nevsa Lideard,2020-10-15 22:35,Eclipse,66
442,Zsazsa Basnett,2020-10-15 19:52,Eclipse,66
443,Adolphus Weight,2020-10-15 21:34,Chartreuse Cobbler,61
444,Clovis Coslitt,2020-10-15 20:54,Eclipse,66
445,Ronit Feldman,2020-10-15 23:58,Eclipse,66
446,Kelley Templman,2020-10-15 21:01,Truffle Sazerac,64
447,Paxon Womersley,2020-10-15 20:50,Daiquiri,54
448,Ronit Feldman,2020-10-15 21:32,Bloody Mary,57
449,Giana Abrahams,2020-10-15 23:24,Eclipse,66
450,Hilarius Bedford,2020-10-15 20:51,Eclipse,66
451,Yam Mesicka,2020-10-15 18:20,Eclipse,66
452,Hilliard Dowker,2020-10-15 22:02,Irish Coffee,54
453,Ewen Morling,2020-10-14 22:17,Eclipse,66
454,Lombard Tincknell,2020-10-15 19:14,Eclipse,66
455,Dee Halpen,2020-10-15 21:24,Chartreuse Cobbler,61
456,Worthy Thorius,2020-10-15 23:13,Chartreuse Cobbler,61
457,Elmira Larret,2020-10-15 20:58,Eclipse,66
458,Malinda Choffin,2020-10-15 22:30,Chartreuse Cobbler,61
459,Garret Whitmore,2020-10-14 22:54,Eclipse,66
460,Maiga Surridge,2020-10-15 21:32,Truffle Sazerac,64
461,Roslyn Campbell,2020-10-15 19:57,Chartreuse Cobbler,61
462,Luther Pidcock,2020-10-15 21:14,Irish Coffee,54
463,Isis Messruther,2020-10-15 21:32,Black Magic Julep,69
464,Yam Mesicka,2020-10-15 18:29,Eclipse,66
465,Ronit Feldman,2020-10-14 21:30,Eclipse,66
466,Claretta Smalridge,2020-10-15 19:42,Eclipse,66
467,Alethea Bygreaves,2020-10-15 20:22,Bloody Mary,57
468,Bennett Delahunty,2020-10-15 23:07,Chartreuse Cobbler,61
469,Nadia Minigo,2020-10-15 20:40,Eclipse,66
470,Raeann Issakov,2020-10-15 20:24,Bloody Mary,57
471,Marijo Johananoff,2020-10-15 20:05,Eclipse,66
472,Gwenette Giffard,2020-10-15 22:11,Eclipse,66
473,Giff Hollows,2020-10-15 20:31,Eclipse,66
474,Yam Mesicka,2020-10-14 21:15,Irish Coffee,54
475,Ronit Feldman,2020-10-15 21:47,Chartreuse Cobbler,61
476,Petronia Carthy,2020-10-15 21:37,Eclipse,66
477,Ronit Feldman,2020-10-15 20:16,Eclipse,66
478,Godart Hilldrup,2020-10-15 23:24,Black Magic Julep,69
479,Zorana Heinschke,2020-10-15 22:26,Eclipse,66
480,Had Wakelin,2020-10-16 22:25,Eclipse,66
481,Cesare Pingstone,2020-10-15 23:42,Truffle Sazerac,64
482,Yard D'Onisi,2020-10-15 18:19,Bloody Mary,57
483,Leontyne Hartwell,2020-10-15 18:02,Eclipse,66
484,Trstram Gibbeson,2020-10-15 22:37,Eclipse,66
485,Bondon Tight,2020-10-15 19:50,Eclipse,66
486,Tuck Hundey,2020-10-15 21:06,Eclipse,66
487,Faustine De Clairmont,2020-10-15 21:13,Bloody Mary,57
488,Jessee Goffe,2020-10-15 20:58,Eclipse,66
489,Carin Quickfall,2020-10-15 20:34,Black Magic Julep,69
490,Mathe Tetford,2020-10-15 21:27,Eclipse,66
491,Patin Dulson,2020-10-15 21:29,Truffle Sazerac,64
492,Gretna Rasor,2020-10-15 19:54,Daiquiri,54
493,Gare Foulsham,2020-10-15 20:52,Eclipse,66
494,Aksel Quemby,2020-10-15 23:52,Black Magic Julep,69
495,Janaya Fanning,2020-10-15 21:01,Eclipse,66
496,Karry Lamblin,2020-10-15 21:55,Eclipse,66
497,Silas Baddoe,2020-10-15 20:07,Black Magic Julep,69
498,Peirce Leitche,2020-10-16 21:37,Black Magic Julep,69
499,Dona Manie,2020-10-15 21:01,Eclipse,66
500,Noby Emnoney,2020-10-15 20:55,Truffle Sazerac,64
501,Nani Reignolds,2020-10-14 20:58,Eclipse,66
502,Ruthi Sotham,2020-10-15 20:51,Eclipse,66
503,Morry Fallowes,2020-10-15 21:41,Eclipse,66
504,Bill Ritchie,2020-10-15 21:55,Eclipse,66
505,Ferdinande Foden,2020-10-15 20:56,Black Magic Julep,69
506,Lennie Squeers,2020-10-16 22:06,Bloody Mary,57
507,Dominga McKinnon,2020-10-15 21:16,Irish Coffee,54
508,Terese Blaksley,2020-10-15 21:55,Truffle Sazerac,64
509,Jayme Dunham,2020-10-15 21:16,Black Magic Julep,69
510,Lucias McCague,2020-10-15 20:59,Eclipse,66
511,Yam Mesicka,2020-10-15 18:27,Bloody Mary,57
512,Alley Hoodspeth,2020-10-15 21:47,Chartreuse Cobbler,61
513,Haskel Gauchier,2020-10-15 18:26,Irish Coffee,54
514,Desi Cutcliffe,2020-10-15 20:42,Truffle Sazerac,64
515,Andonis Bourdas,2020-10-15 19:23,Eclipse,66
516,Ronit Feldman,2020-10-15 22:25,Chartreuse Cobbler,61
517,Carin Stoyles,2020-10-15 18:01,Black Magic Julep,69
518,Hilario Clouston,2020-10-15 21:47,Black Magic Julep,69
519,Ronit Feldman,2020-10-15 21:34,Eclipse,66
520,Yam Mesicka,2020-10-15 20:59,Eclipse,66
521,Torey Hanretty,2020-10-15 18:34,Eclipse,66
522,Elaine Vanyatin,2020-10-16 22:46,Eclipse,66
523,Abran Crickmoor,2020-10-15 21:13,Black Magic Julep,69
524,Agata Simo,2020-10-15 22:14,Bloody Mary,57
525,Ronit Feldman,2020-10-15 23:43,Chartreuse Cobbler,61
526,Fred Kennerknecht,2020-10-14 22:49,Chartreuse Cobbler,61
527,Dana Maxstead,2020-10-15 22:53,Chartreuse Cobbler,61
528,Morgen Dimond,2020-10-15 20:02,Black Magic Julep,69
529,Heriberto Mitcheson,2020-10-15 18:26,Irish Coffee,54
530,Laurel Bramer,2020-10-14 20:26,Eclipse,66
531,Lauri Crone,2020-10-15 20:28,Eclipse,66
532,Merrie Carek,2020-10-16 18:17,Truffle Sazerac,64
533,Borden Moult,2020-10-15 23:50,Truffle Sazerac,64
534,Una Pregal,2020-10-15 23:03,Bloody Mary,57
535,Selestina Northcliffe,2020-10-15 20:47,Chartreuse Cobbler,61
536,Gayle Folbige,2020-10-15 21:39,Eclipse,66
537,Matty Fenna,2020-10-15 20:14,Truffle Sazerac,64
538,Ronit Feldman,2020-10-15 18:55,Eclipse,66
539,Genvieve Simanek,2020-10-15 23:09,Bloody Mary,57
540,Ronit Feldman,2020-10-15 20:01,Eclipse,66
541,Hadria Mardell,2020-10-15 22:48,Daiquiri,54
542,Tucky Mathiassen,2020-10-15 20:36,Irish Coffee,54
543,Kissie Orrocks,2020-10-15 22:42,Chartreuse Cobbler,61
544,Annabella Coughan,2020-10-15 20:48,Bloody Mary,57
545,Yam Mesicka,2020-10-15 20:22,Eclipse,66
546,Kimbell Larwood,2020-10-16 18:31,Eclipse,66
547,Scarlett Sivil,2020-10-15 21:46,Chartreuse Cobbler,61
548,Hillie Elvins,2020-10-14 22:06,Eclipse,66
549,Cecelia Proschek,2020-10-15 21:24,Eclipse,66
550,Micki Jarmaine,2020-10-14 20:51,Black Magic Julep,69
551,Nollie Killingbeck,2020-10-15 22:32,Eclipse,66
552,Estrellita Wealthall,2020-10-17 18:39,Eclipse,66
553,Jude Lace,2020-10-15 21:07,Daiquiri,54
554,Conni Gomersall,2020-10-14 21:11,Chartreuse Cobbler,61
555,Ronit Feldman,2020-10-15 20:41,Eclipse,66
556,Mavra Moehler,2020-10-15 21:06,Eclipse,66
557,Yam Mesicka,2020-10-15 22:23,Eclipse,66
558,Ronit Feldman,2020-10-15 21:46,Eclipse,66
559,Shamus Dowthwaite,2020-10-15 20:54,Eclipse,66
560,Izzy Feldman,2020-10-14 23:12,Eclipse,66
561,Kaycee Drewes,2020-10-15 22:28,Eclipse,66
562,Riannon Attwill,2020-10-15 22:15,Bloody Mary,57
563,Tades Baurerich,2020-10-15 20:50,Eclipse,66
564,Mora Padkin,2020-10-15 23:15,Eclipse,66
565,Tori Tappor,2020-10-15 20:16,Eclipse,66
566,Moira Camilio,2020-10-15 20:10,Bloody Mary,57
567,Stillmann Smurfitt,2020-10-16 19:35,Eclipse,66
568,Fax Damant,2020-10-15 21:36,Bloody Mary,57
569,Kynthia Machin,2020-10-15 21:13,Irish Coffee,54
570,Ninnetta Karpmann,2020-10-15 18:57,Black Magic Julep,69
571,Elijah Blown,2020-10-15 20:48,Eclipse,66
572,Mike Alessandretti,2020-10-15 19:46,Chartreuse Cobbler,61
573,Ronit Feldman,2020-10-15 23:39,Irish Coffee,54
574,Bobinette Lockton,2020-10-15 22:05,Chartreuse Cobbler,61
575,Tonye Wilde,2020-10-15 21:56,Eclipse,66
576,Che Pridmore,2020-10-15 23:40,Eclipse,66
577,Jillane Detoc,2020-10-15 22:48,Black Magic Julep,69
578,Rinaldo Lapenna,2020-10-15 20:02,Black Magic Julep,69
579,Davey Botha,2020-10-15 20:46,Chartreuse Cobbler,61
580,Britt Lavies,2020-10-15 18:51,Black Magic Julep,69
581,Vitia Riatt,2020-10-15 21:58,Daiquiri,54
582,Benita Fleetham,2020-10-15 22:17,Eclipse,66
583,Steffen Jaycock,2020-10-15 23:22,Irish Coffee,54
584,Mathian Buckbee,2020-10-15 20:25,Eclipse,66
585,Alic Rowly,2020-10-14 19:08,Chartreuse Cobbler,61
586,Koo Chudleigh,2020-10-15 21:21,Bloody Mary,57
587,Ronit Feldman,2020-10-16 23:49,Eclipse,66
588,Dominga Dewitt,2020-10-14 23:57,Truffle Sazerac,64
589,Kriste Kocher,2020-10-15 20:12,Eclipse,66
590,Heywood Smeeton,2020-10-14 23:04,Black Magic Julep,69
591,Sallee Hatcher,2020-10-15 21:00,Eclipse,66
592,Alfreda Milburn,2020-10-15 23:52,Eclipse,66
593,Nancy Whitewood,2020-10-15 21:59,Eclipse,66
594,Flossi Walley,2020-10-16 19:57,Truffle Sazerac,64
595,Fernando Vallerine,2020-10-15 21:22,Eclipse,66
596,Bailie Siviour,2020-10-15 23:31,Eclipse,66
597,Stacee Provest,2020-10-15 20:33,Black Magic Julep,69
598,Ernesta Ragless,2020-10-15 20:40,Bloody Mary,57
599,Ronit Feldman,2020-10-15 21:16,Eclipse,66
600,Ilyssa Cradock,2020-10-14 23:39,Eclipse,66
601,Maressa Gerlack,2020-10-15 21:13,Black Magic Julep,69
602,Mauricio Havock,2020-10-16 22:17,Daiquiri,54
603,Pippa Maryon,2020-10-15 21:19,Eclipse,66
604,Allyn Riddel,2020-10-15 23:42,Eclipse,66
605,Matias Rapa,2020-10-15 18:50,Eclipse,66
606,Ash Casserly,2020-10-15 22:52,Black Magic Julep,69
607,Rouvin Inchcomb,2020-10-15 21:31,Irish Coffee,54
608,Fifi Brownsall,2020-10-15 20:43,Eclipse,66
609,Burlie Pillman,2020-10-15 22:20,Eclipse,66
610,Cathyleen Larrett,2020-10-15 20:42,Eclipse,66
611,Ronit Feldman,2020-10-15 23:33,Chartreuse Cobbler,61
612,Skylar Anchor,2020-10-15 20:02,Eclipse,66
613,Adelaide Terne,2020-10-16 18:27,Eclipse,66
614,Fanchette Feehan,2020-10-15 20:41,Eclipse,66
615,Pooh Bouda,2020-10-15 20:34,Eclipse,66
616,Bekki Grenfell,2020-10-16 20:35,Eclipse,66
617,Walther Haack,2020-10-14 22:38,Truffle Sazerac,64
618,Estelle Saban,2020-10-16 20:20,Daiquiri,54
619,Ferguson McLenaghan,2020-10-15 19:44,Eclipse,66
620,Trent Caudrey,2020-10-15 21:22,Black Magic Julep,69
621,Shanta Fenech,2020-10-15 21:06,Eclipse,66
622,Ian Godain,2020-10-15 20:58,Truffle Sazerac,64
623,Timmie Zumbusch,2020-10-15 20:18,Eclipse,66
624,Ram Cullrford,2020-10-15 20:51,Chartreuse Cobbler,61
625,Penn Boraston,2020-10-15 19:36,Truffle Sazerac,64
626,Sebastiano Newling,2020-10-15 19:35,Eclipse,66
627,Stevena Slograve,2020-10-15 21:52,Eclipse,66
628,Bary Oxbie,2020-10-16 18:52,Bloody Mary,57
629,Waldo Parzis,2020-10-15 23:48,Eclipse,66
630,Tobey Wilds,2020-10-15 21:07,Eclipse,66
631,Eada Madner,2020-10-15 22:41,Eclipse,66
632,Alexandrina Ackers,2020-10-15 22:19,Black Magic Julep,69
633,Breena Reavell,2020-10-15 21:14,Eclipse,66
634,Madalyn Kinzel,2020-10-15 19:45,Irish Coffee,54
635,Delphinia Anneslie,2020-10-15 18:59,Eclipse,66
636,Ingmar Ghilardi,2020-10-15 19:07,Eclipse,66
637,Alasteir Falkinder,2020-10-15 22:40,Black Magic Julep,69
638,Elaina Larkins,2020-10-14 22:55,Eclipse,66
639,Andromache Seger,2020-10-16 21:37,Eclipse,66
640,Jule Killeley,2020-10-15 19:48,Irish Coffee,54
641,Kaspar Killgus,2020-10-15 18:42,Eclipse,66
642,Reta Dowse,2020-10-15 23:01,Daiquiri,54
643,Mervin Addekin,2020-10-15 19:13,Eclipse,66
644,Karlee Rubin,2020-10-15 21:59,Daiquiri,54
645,Ronit Feldman,2020-10-15 21:49,Eclipse,66
646,Auroora Figg,2020-10-15 19:33,Eclipse,66
647,Ebeneser McLaine,2020-10-15 18:46,Bloody Mary,57
648,Quintana Allnutt,2020-10-15 22:49,Eclipse,66
649,Rolando Skill,2020-10-14 23:39,Eclipse,66
650,Kipper Archer,2020-10-15 21:28,Bloody Mary,57
651,Teador Ginie,2020-10-15 20:55,Daiquiri,54
652,Kimmi Gainseford,2020-10-15 20:51,Chartreuse Cobbler,61
653,Eachelle Booth-Jarvis,2020-10-15 19:59,Truffle Sazerac,64
654,Ruthi Elcoate,2020-10-15 19:10,Eclipse,66
655,Shandie Whitrod,2020-10-15 21:40,Eclipse,66
656,Linnell Gouldbourn,2020-10-14 22:55,Eclipse,66
657,Ronit Feldman,2020-10-15 21:31,Eclipse,66
658,Yam Mesicka,2020-10-15 19:48,Eclipse,66
659,Tod Norbury,2020-10-15 20:09,Irish Coffee,54
660,Caria Argile,2020-10-15 18:11,Eclipse,66
661,Shawnee Janicki,2020-10-15 23:40,Eclipse,66
662,Zachery Pulsford,2020-10-15 22:16,Eclipse,66
663,Ronit Feldman,2020-10-14 23:12,Eclipse,66
664,Elinor Matcham,2020-10-15 18:56,Eclipse,66
665,Lloyd Boake,2020-10-14 23:01,Black Magic Julep,69
666,Bradly Steven,2020-10-15 19:58,Daiquiri,54
667,Gwendolin Feedham,2020-10-14 23:39,Eclipse,66
668,Lonni Duligal,2020-10-15 22:16,Bloody Mary,57
669,Cord Chestle,2020-10-15 18:15,Bloody Mary,57
670,Fran Simo,2020-10-15 23:18,Chartreuse Cobbler,61
671,Alyce Weigh,2020-10-15 21:02,Black Magic Julep,69
672,Olia Louch,2020-10-15 21:35,Bloody Mary,57
673,Correy Sibbit,2020-10-15 21:42,Eclipse,66
674,Raf Penhaleurack,2020-10-15 18:43,Eclipse,66
675,Dimitri Dennison,2020-10-15 18:29,Truffle Sazerac,64
676,Ronit Feldman,2020-10-15 20:16,Daiquiri,54
677,Jamima Wegman,2020-10-15 20:13,Eclipse,66
678,Ronit Feldman,2020-10-14 23:13,Eclipse,66
679,Cherilynn Howett,2020-10-15 21:55,Eclipse,66
680,Rafferty Gillise,2020-10-15 20:16,Eclipse,66
681,Ronit Feldman,2020-10-15 20:40,Bloody Mary,57
682,Lanita Reburn,2020-10-15 18:19,Eclipse,66
683,Tamar Eschalette,2020-10-15 18:42,Eclipse,66
684,Ronit Feldman,2020-10-15 21:53,Bloody Mary,57
685,Yam Mesicka,2020-10-15 21:18,Eclipse,66
686,Yam Mesicka,2020-10-15 18:19,Eclipse,66
687,Cacilia Mandell,2020-10-16 18:38,Daiquiri,54
688,Heindrick McNysche,2020-10-16 18:08,Irish Coffee,54
689,Felike Pennrington,2020-10-15 21:23,Daiquiri,54
690,Tasia Leask,2020-10-15 19:31,Truffle Sazerac,64
691,Cecilio Erlam,2020-10-14 23:50,Black Magic Julep,69
692,Delmore Chedzoy,2020-10-15 21:31,Bloody Mary,57
693,Tonye Doubleday,2020-10-15 21:31,Daiquiri,54
694,Alfie Wackett,2020-10-15 21:15,Eclipse,66
695,Petr Flatte,2020-10-14 23:45,Eclipse,66
696,Ginnie Whetson,2020-10-14 22:30,Truffle Sazerac,64
697,Dallas Southby,2020-10-15 23:39,Eclipse,66
698,Del Upjohn,2020-10-16 21:59,Eclipse,66
699,Ronit Feldman,2020-10-15 20:58,Eclipse,66
700,Evanne Cotterel,2020-10-15 21:26,Black Magic Julep,69
701,Babs Panichelli,2020-10-15 21:31,Eclipse,66
702,Baillie Dyment,2020-10-15 20:17,Eclipse,66
703,Rudd Gunderson,2020-10-15 20:06,Black Magic Julep,69
704,Ronit Feldman,2020-10-15 20:11,Eclipse,66
705,Kit Lovitt,2020-10-15 21:17,Bloody Mary,57
706,Marty Fry,2020-10-15 23:00,Eclipse,66
707,Emlyn Galland,2020-10-15 20:58,Daiquiri,54
708,Natty Caccavella,2020-10-15 22:18,Truffle Sazerac,64
709,Yam Mesicka,2020-10-15 21:17,Eclipse,66
710,John Stevings,2020-10-15 23:50,Eclipse,66
711,Marysa Marcam,2020-10-15 19:43,Irish Coffee,54
712,Alvis Mincini,2020-10-15 22:43,Truffle Sazerac,64
713,Torre Chittey,2020-10-15 20:28,Eclipse,66
714,Annamaria Woodrooffe,2020-10-15 21:16,Eclipse,66
715,Stacee Forty,2020-10-15 20:59,Truffle Sazerac,64
716,Vivie Minister,2020-10-15 18:51,Eclipse,66
717,Brooks Pumfrey,2020-10-14 23:09,Irish Coffee,54
718,Elsworth Fink,2020-10-15 21:07,Chartreuse Cobbler,61
719,Arabele MacGiolla Pheadair,2020-10-15 19:44,Eclipse,66
720,Pattie Sealove,2020-10-15 20:49,Eclipse,66
721,Jolie Woolmore,2020-10-16 20:32,Eclipse,66
722,Hildagarde Conochie,2020-10-15 20:02,Bloody Mary,57
723,Kenneth Pettie,2020-10-15 21:17,Eclipse,66
724,Leta Wilshire,2020-10-15 21:34,Eclipse,66
725,Yam Mesicka,2020-10-15 20:14,Eclipse,66
726,Lew Cansfield,2020-10-15 19:13,Eclipse,66
727,Ibbie Froud,2020-10-15 18:12,Eclipse,66
728,Sydney Frier,2020-10-15 21:03,Daiquiri,54
729,Murry Pleass,2020-10-15 22:31,Eclipse,66
730,Walton Atcherley,2020-10-14 23:36,Eclipse,66
731,Petronella Ruoff,2020-10-16 18:11,Bloody Mary,57
732,Nissa Binns,2020-10-15 20:33,Eclipse,66
733,Dynah Prescott,2020-10-15 20:44,Eclipse,66
734,Drusi Doward,2020-10-15 20:46,Eclipse,66
735,Gaynor Manilo,2020-10-15 23:04,Eclipse,66
736,Garrot Gavrielli,2020-10-15 19:38,Eclipse,66
737,Brear Pyer,2020-10-15 21:10,Chartreuse Cobbler,61
738,Veda Pawle,2020-10-15 21:06,Eclipse,66
739,Tye Cupitt,2020-10-15 21:55,Daiquiri,54
740,Jo ann Lawty,2020-10-15 21:41,Eclipse,66
741,Jayme Tripe,2020-10-15 22:58,Truffle Sazerac,64
742,Luella Melledy,2020-10-15 21:54,Eclipse,66
743,Kipp Lydiard,2020-10-15 22:16,Chartreuse Cobbler,61
744,Romain Patrick,2020-10-14 23:47,Eclipse,66
745,Yam Mesicka,2020-10-15 20:05,Black Magic Julep,69
746,Ninnetta Blaszczynski,2020-10-15 18:36,Bloody Mary,57
747,Maurise Lawther,2020-10-14 21:32,Truffle Sazerac,64
748,Brendan Butterley,2020-10-15 22:07,Eclipse,66
749,Lek Saw,2020-10-15 23:32,Eclipse,66
750,Ruperta Alentyev,2020-10-14 21:22,Eclipse,66
751,Cosimo Lyptrade,2020-10-16 20:05,Bloody Mary,57
752,Dolly Spaunton,2020-10-15 23:55,Eclipse,66
753,Jacques Hoofe,2020-10-15 23:08,Eclipse,66
754,Kristien Doggett,2020-10-16 18:05,Black Magic Julep,69
755,Welsh Olohan,2020-10-15 21:05,Eclipse,66
756,Elane Baitson,2020-10-15 20:26,Eclipse,66
757,Trevar Burton,2020-10-15 21:42,Chartreuse Cobbler,61
758,Andre Fillingham,2020-10-16 18:59,Irish Coffee,54
759,Romola Verick,2020-10-15 20:44,Black Magic Julep,69
760,Vonnie Fearey,2020-10-15 22:39,Eclipse,66
761,Garrett Buffery,2020-10-15 19:25,Black Magic Julep,69
762,Caroline Dougill,2020-10-15 21:51,Eclipse,66
763,Guenna Trematick,2020-10-15 21:45,Truffle Sazerac,64
764,Kara-lynn Oblein,2020-10-15 23:41,Daiquiri,54
765,Fleming Rabat,2020-10-15 22:59,Eclipse,66
766,Yam Mesicka,2020-10-14 23:47,Eclipse,66
767,Hugh Downage,2020-10-15 21:45,Chartreuse Cobbler,61
768,Janenna Sauniere,2020-10-16 18:21,Eclipse,66
769,Xenia Gravatt,2020-10-15 19:02,Eclipse,66
770,Cosimo Castelow,2020-10-15 22:57,Eclipse,66
771,Tobin Crake,2020-10-15 20:09,Eclipse,66
772,Bogart Penrose,2020-10-15 21:55,Black Magic Julep,69
773,Jodi Knowlden,2020-10-15 21:40,Eclipse,66
774,Yam Mesicka,2020-10-15 18:42,Chartreuse Cobbler,61
775,Ruttger Hillitt,2020-10-15 22:03,Daiquiri,54
776,Harmony Gater,2020-10-15 20:02,Truffle Sazerac,64
777,Roseanna Bernhard,2020-10-15 20:28,Eclipse,66
778,Glyn Drepp,2020-10-15 20:25,Eclipse,66
779,Anita Kay,2020-10-15 20:25,Eclipse,66
780,Yam Mesicka,2020-10-15 20:59,Black Magic Julep,69
781,Tracy Napier,2020-10-15 21:11,Black Magic Julep,69
782,Sherrie Smitherham,2020-10-15 21:32,Bloody Mary,57
783,Casper D' Angelo,2020-10-15 20:52,Eclipse,66
784,Tan Baudin,2020-10-15 19:43,Eclipse,66
785,Tan Lindell,2020-10-15 23:18,Eclipse,66
786,Eliza Leate,2020-10-15 21:04,Eclipse,66
787,Odelia Thome,2020-10-15 19:34,Bloody Mary,57
788,Rhodia Duley,2020-10-15 19:58,Chartreuse Cobbler,61
789,Ronit Feldman,2020-10-14 22:36,Truffle Sazerac,64
790,Cissy Cosham,2020-10-15 20:35,Daiquiri,54
791,Krissy Donnel,2020-10-15 22:15,Eclipse,66
792,Anallese Ibbitson,2020-10-15 21:48,Eclipse,66
793,Berkie Faughey,2020-10-15 19:07,Truffle Sazerac,64
794,Uriah Ritson,2020-10-15 18:54,Irish Coffee,54
795,Marwin Boliver,2020-10-15 21:16,Bloody Mary,57
796,Yam Mesicka,2020-10-15 20:50,Chartreuse Cobbler,61
797,Amy Guilbert,2020-10-15 18:39,Eclipse,66
798,Louie Eldrett,2020-10-15 20:55,Irish Coffee,54
799,Marylinda MacVean,2020-10-15 20:48,Eclipse,66
800,Anallese Kingaby,2020-10-15 20:34,Bloody Mary,57
801,Dania Keitch,2020-10-16 19:12,Daiquiri,54
802,Cordell Brettoner,2020-10-15 21:28,Chartreuse Cobbler,61
803,Vina Devonport,2020-10-16 21:00,Eclipse,66
804,Polly Haibel,2020-10-15 21:33,Irish Coffee,54
805,Annalee Yurikov,2020-10-15 19:26,Eclipse,66
806,Annmaria Genike,2020-10-14 22:36,Irish Coffee,54
807,Rozanne O'Flannery,2020-10-15 21:12,Black Magic Julep,69
808,Clevie Graine,2020-10-15 20:24,Eclipse,66
809,Felizio Dinkin,2020-10-14 21:13,Eclipse,66
810,Kylynn Ogus,2020-10-15 23:35,Eclipse,66
811,Neron Gann,2020-10-14 22:02,Eclipse,66
812,Dale Kunkler,2020-10-15 23:52,Eclipse,66
813,Yam Mesicka,2020-10-15 23:24,Eclipse,66
814,Rozalie McComiskey,2020-10-15 22:00,Irish Coffee,54
815,Keir Clausen-Thue,2020-10-15 22:46,Eclipse,66
816,Joya MacKomb,2020-10-16 19:02,Truffle Sazerac,64
817,Lynsey Pinxton,2020-10-15 18:44,Daiquiri,54
818,Tamqrah Haine,2020-10-15 23:21,Eclipse,66
819,Catrina Allden,2020-10-15 20:34,Eclipse,66
820,Portia Dyott,2020-10-15 20:32,Chartreuse Cobbler,61
821,Yam Mesicka,2020-10-15 19:16,Eclipse,66
822,Gib Josovitz,2020-10-14 23:26,Eclipse,66
823,Datha Brikner,2020-10-15 20:03,Chartreuse Cobbler,61
824,Joyous Seedull,2020-10-16 18:45,Eclipse,66
825,Bettine Cousens,2020-10-15 22:06,Eclipse,66
826,Rhodia Prettyjohn,2020-10-16 21:26,Daiquiri,54
827,Paxton Girardi,2020-10-15 20:33,Irish Coffee,54
828,Kailey Iglesia,2020-10-15 21:40,Eclipse,66
829,Doralia Nettles,2020-10-15 19:06,Irish Coffee,54
830,Jaquenetta Nickolls,2020-10-15 21:47,Truffle Sazerac,64
831,Ardisj Twaits,2020-10-15 19:50,Eclipse,66
832,Jilli Murkus,2020-10-15 21:09,Irish Coffee,54
833,Son Luddy,2020-10-15 18:22,Truffle Sazerac,64
834,Gilly Redhole,2020-10-15 19:10,Truffle Sazerac,64
835,Corilla Wims,2020-10-15 22:33,Eclipse,66
836,Trina Drew,2020-10-15 20:16,Chartreuse Cobbler,61
837,Emiline Scoone,2020-10-15 20:46,Chartreuse Cobbler,61
838,Lind Adhams,2020-10-15 20:43,Black Magic Julep,69
839,Lucho Johansson,2020-10-15 21:01,Eclipse,66
840,Jedd Whorlton,2020-10-15 18:46,Eclipse,66
841,Christine Askell,2020-10-16 18:04,Irish Coffee,54
842,Ronit Feldman,2020-10-15 20:31,Eclipse,66
843,Trix Filde,2020-10-15 20:38,Truffle Sazerac,64
844,Mattie Kinnie,2020-10-15 20:34,Eclipse,66
845,Christopher Burfitt,2020-10-15 22:11,Irish Coffee,54
846,Christa Tubbs,2020-10-15 23:17,Eclipse,66
847,Deane Pellingar,2020-10-15 20:14,Eclipse,66
848,Alysa Stoyle,2020-10-15 21:29,Eclipse,66
849,Byron Handover,2020-10-14 21:55,Black Magic Julep,69
850,Lotty Crow,2020-10-16 18:13,Chartreuse Cobbler,61
851,Mozes Jacklings,2020-10-15 20:44,Eclipse,66
852,Nat Loakes,2020-10-15 23:40,Chartreuse Cobbler,61
853,Jacobo Crozier,2020-10-15 21:18,Black Magic Julep,69
854,Renaud Bricknell,2020-10-14 22:34,Eclipse,66
855,Yam Mesicka,2020-10-15 19:51,Eclipse,66
856,Vince Kynsey,2020-10-15 23:26,Eclipse,66
857,Gabbi Kid,2020-10-14 19:10,Irish Coffee,54
858,Lee Dunmore,2020-10-15 19:38,Eclipse,66
859,Ashlen Ledgard,2020-10-15 21:01,Daiquiri,54
860,Pascale Oddey,2020-10-15 21:01,Bloody Mary,57
861,Tiena Tinn,2020-10-15 18:58,Bloody Mary,57
862,Hailey Hinz,2020-10-15 19:31,Eclipse,66
863,Austine Tozer,2020-10-14 22:41,Bloody Mary,57
864,Ronit Feldman,2020-10-15 21:06,Eclipse,66
865,Frankie Nertney,2020-10-15 21:18,Eclipse,66
866,Renado Gude,2020-10-14 18:09,Eclipse,66
867,Joshua Rimmington,2020-10-14 23:32,Eclipse,66
868,Lisette Benbow,2020-10-15 19:46,Black Magic Julep,69
869,Andros Becom,2020-10-15 21:46,Eclipse,66
870,Arlina Credland,2020-10-15 22:36,Bloody Mary,57
871,Roda Cox,2020-10-15 22:15,Eclipse,66
872,Tallulah Lepick,2020-10-14 20:50,Eclipse,66
873,Ronit Feldman,2020-10-15 20:30,Eclipse,66
874,Ryon Martinets,2020-10-15 21:10,Chartreuse Cobbler,61
875,Giulia O'Spellissey,2020-10-15 20:53,Eclipse,66
876,Lauraine Goldup,2020-10-15 19:50,Eclipse,66
877,Ernestus Crolla,2020-10-14 22:04,Eclipse,66
878,Pam Okenfold,2020-10-15 22:07,Eclipse,66
879,Hubey Gathercole,2020-10-15 21:18,Eclipse,66
880,Winona Wileman,2020-10-16 20:16,Eclipse,66
881,Addison Faustin,2020-10-15 21:57,Eclipse,66
882,Jeane Picot,2020-10-15 20:10,Irish Coffee,54
883,Nicolea Firle,2020-10-15 19:16,Irish Coffee,54
884,Marwin Benneton,2020-10-15 21:29,Black Magic Julep,69
885,Gabbie Mehew,2020-10-16 19:42,Eclipse,66
886,Durant Adamoli,2020-10-15 21:37,Eclipse,66
887,Valerye Schole,2020-10-15 22:46,Eclipse,66
888,Zack Gislebert,2020-10-15 21:11,Eclipse,66
889,Chevalier Creggan,2020-10-14 21:34,Irish Coffee,54
890,Silvio Keep,2020-10-14 21:57,Daiquiri,54
891,Corrine Cota,2020-10-15 19:08,Irish Coffee,54
892,Max Darker,2020-10-15 20:57,Bloody Mary,57
893,Saidee Starsmore,2020-10-16 18:16,Daiquiri,54
894,Marji Headey,2020-10-14 20:34,Eclipse,66
895,Ronit Feldman,2020-10-16 19:53,Eclipse,66
896,Aluino Kobiela,2020-10-15 22:24,Daiquiri,54
897,Karisa Hanniger,2020-10-15 19:20,Eclipse,66
898,Grayce Berkley,2020-10-14 21:04,Black Magic Julep,69
899,Courtney Betjeman,2020-10-15 20:36,Truffle Sazerac,64
900,Mickie Westby,2020-10-15 19:59,Bloody Mary,57
901,Ansley Jan,2020-10-15 19:59,Bloody Mary,57
902,Emmalyn Jencken,2020-10-15 20:58,Eclipse,66
903,Broderic Haslam,2020-10-15 20:11,Eclipse,66
904,Amelie Boughen,2020-10-15 20:30,Eclipse,66
905,Yam Mesicka,2020-10-15 20:57,Eclipse,66
906,Caril Dredge,2020-10-15 21:32,Black Magic Julep,69
907,Isidora Wittrington,2020-10-15 23:59,Chartreuse Cobbler,61
908,Sibbie Grzegorzewicz,2020-10-15 22:29,Daiquiri,54
909,Yam Mesicka,2020-10-15 20:24,Eclipse,66
910,Gaven Von Der Empten,2020-10-15 22:35,Eclipse,66
911,Marcie Vickress,2020-10-14 22:04,Eclipse,66
912,Avie McGilroy,2020-10-16 18:14,Eclipse,66
913,Lebbie Loudyan,2020-10-15 21:12,Eclipse,66
914,Filmer Pennetta,2020-10-16 18:38,Chartreuse Cobbler,61
915,Rocky Dumbrall,2020-10-14 23:55,Chartreuse Cobbler,61
916,Yam Mesicka,2020-10-15 21:08,Eclipse,66
917,Pincus Studdeard,2020-10-16 18:53,Truffle Sazerac,64
918,Sella Patient,2020-10-15 23:11,Eclipse,66
919,Dolph Dispencer,2020-10-15 21:23,Bloody Mary,57
920,Stanleigh Chaloner,2020-10-15 22:41,Eclipse,66
921,Cherry Klima,2020-10-15 21:18,Eclipse,66
922,Nonnah Barnfather,2020-10-15 21:22,Eclipse,66
923,Red Wyldbore,2020-10-15 19:13,Chartreuse Cobbler,61
924,Ronit Feldman,2020-10-15 22:27,Eclipse,66
925,Rina Grinikhin,2020-10-15 20:28,Eclipse,66
926,Danica Churchman,2020-10-15 20:02,Black Magic Julep,69
927,Jerrold Bailiss,2020-10-16 19:26,Eclipse,66
928,Welby Lodwick,2020-10-15 20:56,Truffle Sazerac,64
929,Coretta Dellar,2020-10-15 20:00,Bloody Mary,57
930,Antonietta Reolfi,2020-10-15 19:47,Eclipse,66
931,Leandra Alessandone,2020-10-15 20:25,Daiquiri,54
932,Remy Matschuk,2020-10-15 21:03,Eclipse,66
933,Thorstein Craister,2020-10-15 20:09,Black Magic Julep,69
934,Martynne Poundsford,2020-10-15 19:57,Black Magic Julep,69
935,Stanwood Worviell,2020-10-15 21:10,Chartreuse Cobbler,61
936,Gavan Tallant,2020-10-15 21:15,Daiquiri,54
937,Ronit Feldman,2020-10-15 22:07,Truffle Sazerac,64
938,Ronit Feldman,2020-10-15 19:44,Eclipse,66
939,Sheff Losbie,2020-10-15 22:29,Chartreuse Cobbler,61
940,Katee Baudi,2020-10-15 21:05,Eclipse,66
941,Alisander Readwing,2020-10-15 22:38,Truffle Sazerac,64
942,Miran Dufaur,2020-10-15 21:03,Eclipse,66
943,Rolf Minchindon,2020-10-15 20:21,Eclipse,66
944,Leese Ewan,2020-10-15 19:52,Eclipse,66
945,Yam Mesicka,2020-10-15 23:49,Eclipse,66
946,Martainn Rutley,2020-10-15 22:56,Eclipse,66
947,Jed Gheerhaert,2020-10-15 21:10,Bloody Mary,57
948,Bridgette Kemshell,2020-10-15 22:32,Truffle Sazerac,64
949,Con Legion,2020-10-15 20:31,Eclipse,66
950,Ronit Feldman,2020-10-15 19:38,Eclipse,66
951,Kilian Mc Caghan,2020-10-14 22:51,Eclipse,66
952,Bert Ibbott,2020-10-15 19:23,Irish Coffee,54
953,Ronit Feldman,2020-10-15 21:12,Eclipse,66
954,Syd Cuvley,2020-10-15 20:41,Eclipse,66
955,Yam Mesicka,2020-10-15 20:39,Irish Coffee,54
956,Marv Swindlehurst,2020-10-15 20:49,Eclipse,66
957,Katherina Brodie,2020-10-15 23:24,Eclipse,66
958,Janel Titchener,2020-10-15 20:33,Eclipse,66
959,Yam Mesicka,2020-10-15 23:44,Truffle Sazerac,64
960,Rafaelia Aleveque,2020-10-15 22:17,Chartreuse Cobbler,61
961,Lettie Penas,2020-10-16 20:07,Eclipse,66
962,Normy Trahearn,2020-10-15 19:31,Chartreuse Cobbler,61
963,Mildrid Humbey,2020-10-15 22:17,Truffle Sazerac,64
964,Yam Mesicka,2020-10-15 21:02,Eclipse,66
965,Zondra Gircke,2020-10-15 21:54,Bloody Mary,57
966,Giorgia Caff,2020-10-15 22:05,Irish Coffee,54
967,Beaufort Tweede,2020-10-15 21:09,Bloody Mary,57
968,Yam Mesicka,2020-10-15 20:29,Daiquiri,54
969,Blanca Raulin,2020-10-15 21:24,Eclipse,66
970,Rosalind Eagland,2020-10-15 21:36,Truffle Sazerac,64
971,Zitella Twaite,2020-10-15 19:56,Eclipse,66
972,Killian Dullingham,2020-10-15 18:32,Black Magic Julep,69
973,Yam Mesicka,2020-10-15 23:35,Eclipse,66
974,Yam Mesicka,2020-10-15 21:25,Eclipse,66
975,Gideon Vasyanin,2020-10-16 20:58,Eclipse,66
976,Lori Buddell,2020-10-15 21:06,Eclipse,66
977,Jayson Normanvill,2020-10-15 21:08,Eclipse,66
978,Dominique Maldin,2020-10-15 23:37,Black Magic Julep,69
979,Orson Harbor,2020-10-15 23:11,Eclipse,66
980,Courtnay Grishelyov,2020-10-15 20:11,Eclipse,66
981,Matthias Greenhalf,2020-10-15 22:48,Eclipse,66
982,Anthiathia Tydd,2020-10-15 18:15,Eclipse,66
983,Angelle Cadamy,2020-10-15 21:30,Daiquiri,54
984,Pacorro Husher,2020-10-15 20:52,Black Magic Julep,69
985,Albertina Oliva,2020-10-15 18:38,Bloody Mary,57
986,Charmain Brewse,2020-10-13 23:08,Black Magic Julep,69
987,Geri Sheppard,2020-10-15 20:53,Eclipse,66
988,Cammy Pitkeathly,2020-10-15 22:20,Black Magic Julep,69
989,Fremont Fabler,2020-10-15 18:15,Eclipse,66
990,Judy Aubrey,2020-10-15 23:07,Eclipse,66
991,Yam Mesicka,2020-10-15 20:53,Eclipse,66
992,Townie Mulliss,2020-10-15 19:10,Eclipse,66
993,Ronit Feldman,2020-10-15 19:50,Eclipse,66
994,Kenton Benzie,2020-10-15 20:38,Eclipse,66
995,Alister Becker,2020-10-15 21:21,Eclipse,66
996,Nealon McGiffin,2020-10-15 20:39,Eclipse,66
997,Judith Plante,2020-10-15 20:51,Eclipse,66
998,Marijn Breewood,2020-10-15 20:03,Eclipse,66
999,Jasper Knibley,2020-10-15 21:39,Eclipse,66
1000,Pace Pickover,2020-10-15 21:14,Truffle Sazerac,64
